episode,step,return
1,13,13.0
2,40,27.0
3,52,12.0
4,76,24.0
5,98,22.0
6,116,18.0
7,135,19.0
8,147,12.0
9,160,13.0
10,197,37.0
11,228,31.0
12,269,41.0
13,284,15.0
14,298,14.0
15,317,19.0
16,330,13.0
17,340,10.0
18,349,9.0
19,367,18.0
20,424,57.0
21,441,17.0
22,458,17.0
23,477,19.0
24,508,31.0
25,542,34.0
26,574,32.0
27,590,16.0
28,601,11.0
29,614,13.0
30,628,14.0
31,668,40.0
32,690,22.0
33,709,19.0
34,733,24.0
35,751,18.0
36,772,21.0
37,810,38.0
38,822,12.0
39,836,14.0
40,860,24.0
41,877,17.0
42,906,29.0
43,948,42.0
44,963,15.0
45,983,20.0
46,993,10.0
47,1007,14.0
48,1023,16.0
49,1058,35.0
50,1074,16.0
51,1091,17.0
52,1123,32.0
53,1212,89.0
54,1240,28.0
55,1250,10.0
56,1280,30.0
57,1308,28.0
58,1355,47.0
59,1370,15.0
60,1410,40.0
61,1431,21.0
62,1459,28.0
63,1482,23.0
64,1513,31.0
65,1527,14.0
66,1558,31.0
67,1591,33.0
68,1607,16.0
69,1620,13.0
70,1642,22.0
71,1671,29.0
72,1719,48.0
73,1815,96.0
74,1841,26.0
75,1852,11.0
76,1889,37.0
77,1900,11.0
78,1936,36.0
79,1956,20.0
80,1996,40.0
81,2023,27.0
82,2046,23.0
83,2059,13.0
84,2085,26.0
85,2142,57.0
86,2161,19.0
87,2221,60.0
88,2254,33.0
89,2271,17.0
90,2309,38.0
91,2328,19.0
92,2352,24.0
93,2379,27.0
94,2427,48.0
95,2472,45.0
96,2517,45.0
97,2579,62.0
98,2605,26.0
99,2626,21.0
100,2648,22.0
101,2672,24.0
102,2706,34.0
103,2752,46.0
104,2820,68.0
105,2837,17.0
106,2858,21.0
107,2942,84.0
108,3000,58.0
109,3041,41.0
110,3073,32.0
111,3095,22.0
112,3110,15.0
113,3129,19.0
114,3148,19.0
115,3178,30.0
116,3256,78.0
117,3307,51.0
118,3385,78.0
119,3405,20.0
120,3440,35.0
121,3463,23.0
122,3473,10.0
123,3492,19.0
124,3530,38.0
125,3576,46.0
126,3603,27.0
127,3646,43.0
128,3669,23.0
129,3721,52.0
130,3758,37.0
131,3774,16.0
132,3795,21.0
133,3817,22.0
134,3865,48.0
135,3929,64.0
136,4039,110.0
137,4084,45.0
138,4134,50.0
139,4212,78.0
140,4244,32.0
141,4276,32.0
142,4346,70.0
143,4374,28.0
144,4406,32.0
145,4446,40.0
146,4471,25.0
147,4512,41.0
148,4546,34.0
149,4556,10.0
150,4567,11.0
151,4590,23.0
152,4611,21.0
153,4673,62.0
154,4689,16.0
155,4719,30.0
156,4751,32.0
157,4781,30.0
158,4808,27.0
159,4832,24.0
160,4854,22.0
161,4892,38.0
162,4946,54.0
163,4986,40.0
164,5049,63.0
165,5140,91.0
166,5175,35.0
167,5188,13.0
168,5217,29.0
169,5267,50.0
170,5286,19.0
171,5311,25.0
172,5367,56.0
173,5387,20.0
174,5434,47.0
175,5469,35.0
176,5486,17.0
177,5529,43.0
178,5543,14.0
179,5576,33.0
180,5609,33.0
181,5631,22.0
182,5648,17.0
183,5676,28.0
184,5708,32.0
185,5725,17.0
186,5750,25.0
187,5772,22.0
188,5802,30.0
189,5812,10.0
190,5861,49.0
191,5889,28.0
192,5928,39.0
193,5969,41.0
194,5995,26.0
195,6044,49.0
196,6075,31.0
197,6102,27.0
198,6128,26.0
199,6187,59.0
200,6213,26.0
201,6228,15.0
202,6271,43.0
203,6319,48.0
204,6352,33.0
205,6384,32.0
206,6424,40.0
207,6444,20.0
208,6456,12.0
209,6518,62.0
210,6544,26.0
211,6555,11.0
212,6594,39.0
213,6611,17.0
214,6627,16.0
215,6657,30.0
216,6696,39.0
217,6710,14.0
218,6738,28.0
219,6749,11.0
220,6789,40.0
221,6832,43.0
222,6877,45.0
223,6887,10.0
224,6914,27.0
225,6939,25.0
226,6978,39.0
227,7004,26.0
228,7038,34.0
229,7054,16.0
230,7079,25.0
231,7094,15.0
232,7125,31.0
233,7161,36.0
234,7174,13.0
235,7215,41.0
236,7228,13.0
237,7251,23.0
238,7261,10.0
239,7274,13.0
240,7285,11.0
241,7322,37.0
242,7359,37.0
243,7383,24.0
244,7395,12.0
245,7416,21.0
246,7516,100.0
247,7536,20.0
248,7570,34.0
249,7590,20.0
250,7602,12.0
251,7646,44.0
252,7694,48.0
253,7707,13.0
254,7744,37.0
255,7806,62.0
256,7823,17.0
257,7892,69.0
258,8050,158.0
259,8072,22.0
260,8102,30.0
261,8162,60.0
262,8188,26.0
263,8205,17.0
264,8238,33.0
265,8262,24.0
266,8281,19.0
267,8294,13.0
268,8314,20.0
269,8355,41.0
270,8390,35.0
271,8409,19.0
272,8428,19.0
273,8455,27.0
274,8481,26.0
275,8503,22.0
276,8524,21.0
277,8545,21.0
278,8580,35.0
279,8597,17.0
280,8610,13.0
281,8650,40.0
282,8731,81.0
283,8745,14.0
284,8763,18.0
285,8785,22.0
286,8843,58.0
287,8876,33.0
288,8960,84.0
289,8985,25.0
290,9022,37.0
291,9035,13.0
292,9058,23.0
293,9070,12.0
294,9180,110.0
295,9275,95.0
296,9297,22.0
297,9462,165.0
298,9479,17.0
299,9496,17.0
300,9536,40.0
301,9584,48.0
302,9600,16.0
303,9672,72.0
304,9712,40.0
305,9767,55.0
306,9788,21.0
307,9817,29.0
308,9841,24.0
309,9889,48.0
310,9919,30.0
311,9954,35.0
312,9996,42.0
313,10014,18.0
314,10049,35.0
315,10075,26.0
316,10098,23.0
317,10122,24.0
318,10135,13.0
319,10157,22.0
320,10175,18.0
321,10227,52.0
322,10324,97.0
323,10403,79.0
324,10433,30.0
325,10468,35.0
326,10485,17.0
327,10510,25.0
328,10538,28.0
329,10559,21.0
330,10577,18.0
331,10641,64.0
332,10715,74.0
333,10763,48.0
334,10781,18.0
335,10811,30.0
336,10871,60.0
337,10898,27.0
338,10940,42.0
339,10977,37.0
340,11006,29.0
341,11028,22.0
342,11049,21.0
343,11096,47.0
344,11139,43.0
345,11167,28.0
346,11191,24.0
347,11208,17.0
348,11237,29.0
349,11270,33.0
350,11306,36.0
351,11335,29.0
352,11363,28.0
353,11404,41.0
354,11440,36.0
355,11526,86.0
356,11550,24.0
357,11574,24.0
358,11603,29.0
359,11663,60.0
360,11681,18.0
361,11710,29.0
362,11772,62.0
363,11876,104.0
364,12000,124.0
365,12060,60.0
366,12109,49.0
367,12138,29.0
368,12204,66.0
369,12220,16.0
370,12253,33.0
371,12288,35.0
372,12356,68.0
373,12400,44.0
374,12443,43.0
375,12500,57.0
376,12576,76.0
377,12616,40.0
378,12701,85.0
379,12796,95.0
380,12871,75.0
381,12927,56.0
382,12947,20.0
383,12986,39.0
384,13005,19.0
385,13019,14.0
386,13036,17.0
387,13063,27.0
388,13118,55.0
389,13133,15.0
390,13153,20.0
391,13183,30.0
392,13223,40.0
393,13265,42.0
394,13306,41.0
395,13361,55.0
396,13402,41.0
397,13432,30.0
398,13534,102.0
399,13592,58.0
400,13623,31.0
401,13679,56.0
402,13734,55.0
403,13825,91.0
404,13837,12.0
405,13852,15.0
406,13901,49.0
407,13950,49.0
408,13966,16.0
409,14060,94.0
410,14096,36.0
411,14125,29.0
412,14162,37.0
413,14202,40.0
414,14229,27.0
415,14336,107.0
416,14376,40.0
417,14454,78.0
418,14497,43.0
419,14633,136.0
420,14663,30.0
421,14770,107.0
422,14836,66.0
423,14904,68.0
424,14946,42.0
425,14984,38.0
426,15003,19.0
427,15081,78.0
428,15098,17.0
429,15137,39.0
430,15176,39.0
431,15190,14.0
432,15218,28.0
433,15263,45.0
434,15297,34.0
435,15322,25.0
436,15355,33.0
437,15381,26.0
438,15435,54.0
439,15460,25.0
440,15531,71.0
441,15683,152.0
442,15838,155.0
443,15927,89.0
444,15947,20.0
445,16037,90.0
446,16077,40.0
447,16177,100.0
448,16224,47.0
449,16234,10.0
450,16288,54.0
451,16326,38.0
452,16360,34.0
453,16402,42.0
454,16452,50.0
455,16482,30.0
456,16561,79.0
457,16694,133.0
458,16705,11.0
459,16775,70.0
460,16807,32.0
461,16855,48.0
462,16931,76.0
463,17021,90.0
464,17054,33.0
465,17251,197.0
466,17262,11.0
467,17399,137.0
468,17426,27.0
469,17445,19.0
470,17476,31.0
471,17520,44.0
472,17641,121.0
473,17680,39.0
474,17774,94.0
475,17889,115.0
476,17936,47.0
477,17961,25.0
478,17975,14.0
479,18146,171.0
480,18170,24.0
481,18237,67.0
482,18258,21.0
483,18367,109.0
484,18436,69.0
485,18464,28.0
486,18554,90.0
487,18572,18.0
488,18589,17.0
489,18615,26.0
490,18654,39.0
491,18666,12.0
492,18681,15.0
493,18696,15.0
494,18757,61.0
495,18796,39.0
496,18829,33.0
497,18893,64.0
498,18948,55.0
499,18983,35.0
500,19008,25.0
501,19223,215.0
502,19296,73.0
503,19347,51.0
504,19459,112.0
505,19477,18.0
506,19504,27.0
507,19525,21.0
508,19595,70.0
509,19657,62.0
510,19695,38.0
511,19792,97.0
512,19838,46.0
513,19953,115.0
514,20024,71.0
515,20096,72.0
516,20143,47.0
517,20177,34.0
518,20220,43.0
519,20325,105.0
520,20475,150.0
521,20580,105.0
522,20727,147.0
523,20750,23.0
524,20773,23.0
525,20862,89.0
526,20923,61.0
527,20961,38.0
528,20996,35.0
529,21047,51.0
530,21078,31.0
531,21182,104.0
532,21371,189.0
533,21556,185.0
534,21728,172.0
535,21774,46.0
536,21805,31.0
537,21949,144.0
538,21974,25.0
539,21994,20.0
540,22034,40.0
541,22093,59.0
542,22111,18.0
543,22261,150.0
544,22328,67.0
545,22359,31.0
546,22389,30.0
547,22410,21.0
548,22425,15.0
549,22456,31.0
550,22469,13.0
551,22496,27.0
552,22513,17.0
553,22528,15.0
554,22572,44.0
555,22697,125.0
556,22722,25.0
557,22809,87.0
558,22872,63.0
559,22989,117.0
560,23245,256.0
561,23357,112.0
562,23497,140.0
563,23525,28.0
564,23643,118.0
565,23673,30.0
566,23716,43.0
567,23833,117.0
568,23902,69.0
569,23927,25.0
570,23967,40.0
571,23993,26.0
572,24085,92.0
573,24119,34.0
574,24175,56.0
575,24364,189.0
576,24434,70.0
577,24509,75.0
578,24597,88.0
579,24718,121.0
580,24839,121.0
581,24950,111.0
582,24976,26.0
583,25032,56.0
584,25065,33.0
585,25200,135.0
586,25313,113.0
587,25459,146.0
588,25498,39.0
589,25576,78.0
590,25641,65.0
591,25758,117.0
592,25782,24.0
593,25958,176.0
594,25996,38.0
595,26108,112.0
596,26265,157.0
597,26291,26.0
598,26324,33.0
599,26347,23.0
600,26397,50.0
601,26417,20.0
602,26584,167.0
603,26656,72.0
604,26835,179.0
605,26941,106.0
606,26969,28.0
607,27004,35.0
608,27066,62.0
609,27103,37.0
610,27161,58.0
611,27199,38.0
612,27317,118.0
613,27421,104.0
614,27534,113.0
615,27631,97.0
616,27728,97.0
617,27850,122.0
618,28020,170.0
619,28198,178.0
620,28297,99.0
621,28341,44.0
622,28413,72.0
623,28594,181.0
624,28679,85.0
625,28796,117.0
626,28818,22.0
627,28867,49.0
628,28893,26.0
629,28912,19.0
630,28965,53.0
631,29005,40.0
632,29020,15.0
633,29074,54.0
634,29109,35.0
635,29251,142.0
636,29430,179.0
637,29496,66.0
638,29563,67.0
639,29655,92.0
640,29694,39.0
641,29727,33.0
642,29863,136.0
643,29897,34.0
644,29938,41.0
645,30012,74.0
646,30044,32.0
647,30283,239.0
648,30445,162.0
649,30790,345.0
650,30810,20.0
651,30886,76.0
652,30936,50.0
653,31049,113.0
654,31161,112.0
655,31223,62.0
656,31355,132.0
657,31537,182.0
658,31639,102.0
659,31793,154.0
660,32059,266.0
661,32084,25.0
662,32132,48.0
663,32157,25.0
664,32308,151.0
665,32523,215.0
666,32616,93.0
667,32684,68.0
668,32704,20.0
669,32741,37.0
670,32769,28.0
671,32903,134.0
672,32965,62.0
673,33044,79.0
674,33129,85.0
675,33210,81.0
676,33400,190.0
677,33509,109.0
678,33566,57.0
679,33710,144.0
680,33749,39.0
681,33909,160.0
682,34057,148.0
683,34105,48.0
684,34292,187.0
685,34479,187.0
686,34538,59.0
687,34710,172.0
688,34864,154.0
689,35036,172.0
690,35069,33.0
691,35247,178.0
692,35262,15.0
693,35286,24.0
694,35327,41.0
695,35362,35.0
696,35438,76.0
697,35473,35.0
698,35503,30.0
699,35644,141.0
700,35834,190.0
701,36062,228.0
702,36124,62.0
703,36285,161.0
704,36311,26.0
705,36353,42.0
706,36524,171.0
707,36541,17.0
708,36594,53.0
709,36817,223.0
710,36997,180.0
711,37020,23.0
712,37039,19.0
713,37166,127.0
714,37304,138.0
715,37393,89.0
716,37446,53.0
717,37489,43.0
718,37545,56.0
719,37725,180.0
720,37867,142.0
721,37888,21.0
722,37901,13.0
723,38005,104.0
724,38029,24.0
725,38169,140.0
726,38337,168.0
727,38502,165.0
728,38637,135.0
729,38685,48.0
730,38829,144.0
731,38965,136.0
732,39013,48.0
733,39088,75.0
734,39109,21.0
735,39230,121.0
736,39504,274.0
737,39669,165.0
738,39690,21.0
739,39763,73.0
740,39885,122.0
741,39928,43.0
742,40322,394.0
743,40489,167.0
744,40505,16.0
745,40656,151.0
746,40765,109.0
747,40879,114.0
748,40980,101.0
749,41141,161.0
750,41176,35.0
751,41293,117.0
752,41406,113.0
753,41436,30.0
754,41576,140.0
755,41711,135.0
756,41855,144.0
757,41999,144.0
758,42179,180.0
759,42344,165.0
760,42400,56.0
761,42558,158.0
762,42616,58.0
763,42754,138.0
764,42854,100.0
765,43016,162.0
766,43045,29.0
767,43113,68.0
768,43223,110.0
769,43291,68.0
770,43326,35.0
771,43393,67.0
772,43408,15.0
773,43533,125.0
774,43668,135.0
775,43822,154.0
776,43883,61.0
777,43981,98.0
778,44053,72.0
779,44071,18.0
780,44304,233.0
781,44407,103.0
782,44574,167.0
783,44645,71.0
784,44693,48.0
785,44847,154.0
786,44973,126.0
787,45121,148.0
788,45379,258.0
789,45523,144.0
790,45540,17.0
791,45843,303.0
792,46054,211.0
793,46201,147.0
794,46267,66.0
795,46296,29.0
796,46489,193.0
797,46627,138.0
798,46690,63.0
799,46740,50.0
800,46802,62.0
801,46832,30.0
802,46954,122.0
803,47075,121.0
804,47138,63.0
805,47216,78.0
806,47424,208.0
807,47610,186.0
808,47771,161.0
809,47903,132.0
810,47925,22.0
811,48120,195.0
812,48262,142.0
813,48406,144.0
814,48654,248.0
815,48843,189.0
816,48927,84.0
817,48968,41.0
818,49032,64.0
819,49094,62.0
820,49293,199.0
821,49412,119.0
822,49460,48.0
823,49708,248.0
824,49877,169.0
825,49919,42.0
826,49975,56.0
827,50128,153.0
828,50143,15.0
829,50239,96.0
830,50418,179.0
831,50485,67.0
832,50524,39.0
833,50552,28.0
834,50638,86.0
835,50949,311.0
836,51132,183.0
837,51244,112.0
838,51387,143.0
839,51469,82.0
840,51673,204.0
841,51885,212.0
842,51929,44.0
843,52091,162.0
844,52279,188.0
845,52333,54.0
846,52488,155.0
847,52550,62.0
848,52591,41.0
849,52806,215.0
850,52911,105.0
851,52982,71.0
852,53134,152.0
853,53377,243.0
854,53540,163.0
855,53735,195.0
856,53807,72.0
857,53830,23.0
858,53897,67.0
859,53961,64.0
860,54137,176.0
861,54281,144.0
862,54308,27.0
863,54328,20.0
864,54506,178.0
865,54561,55.0
866,54583,22.0
867,54612,29.0
868,54683,71.0
869,54858,175.0
870,55036,178.0
871,55199,163.0
872,55368,169.0
873,55577,209.0
874,55718,141.0
875,55767,49.0
876,55880,113.0
877,55905,25.0
878,56249,344.0
879,56279,30.0
880,56560,281.0
881,56591,31.0
882,56623,32.0
883,56776,153.0
884,56852,76.0
885,56900,48.0
886,56925,25.0
887,56957,32.0
888,57171,214.0
889,57421,250.0
890,57487,66.0
891,57523,36.0
892,57554,31.0
893,57655,101.0
894,57740,85.0
895,57790,50.0
896,57849,59.0
897,58349,500.0
898,58586,237.0
899,58852,266.0
900,58973,121.0
901,59022,49.0
902,59078,56.0
903,59175,97.0
904,59292,117.0
905,59310,18.0
906,59808,498.0
907,59961,153.0
908,60153,192.0
909,60231,78.0
910,60430,199.0
911,60518,88.0
912,60753,235.0
913,60976,223.0
914,61030,54.0
915,61226,196.0
916,61405,179.0
917,61484,79.0
918,61773,289.0
919,62017,244.0
920,62216,199.0
921,62395,179.0
922,62419,24.0
923,62478,59.0
924,62517,39.0
925,62588,71.0
926,62793,205.0
927,62849,56.0
928,63073,224.0
929,63106,33.0
930,63147,41.0
931,63354,207.0
932,63602,248.0
933,63809,207.0
934,63854,45.0
935,63979,125.0
936,64272,293.0
937,64772,500.0
938,64848,76.0
939,64919,71.0
940,65419,500.0
941,65455,36.0
942,65479,24.0
943,65528,49.0
944,65598,70.0
945,65772,174.0
946,66253,481.0
947,66278,25.0
948,66325,47.0
949,66398,73.0
950,66433,35.0
951,66465,32.0
952,66520,55.0
953,66680,160.0
954,66807,127.0
955,67307,500.0
956,67379,72.0
957,67619,240.0
958,67985,366.0
959,68278,293.0
960,68391,113.0
961,68453,62.0
962,68509,56.0
963,68691,182.0
964,68769,78.0
965,68935,166.0
966,69159,224.0
967,69326,167.0
968,69566,240.0
969,69746,180.0
970,70158,412.0
971,70263,105.0
972,70547,284.0
973,70870,323.0
974,70923,53.0
975,71029,106.0
976,71112,83.0
977,71290,178.0
978,71327,37.0
979,71568,241.0
980,71603,35.0
981,71660,57.0
982,71929,269.0
983,72012,83.0
984,72195,183.0
985,72295,100.0
986,72350,55.0
987,72594,244.0
988,72651,57.0
989,72766,115.0
990,73266,500.0
991,73564,298.0
992,73681,117.0
993,73875,194.0
994,73915,40.0
995,74032,117.0
996,74254,222.0
997,74573,319.0
998,74692,119.0
999,75192,500.0
1000,75259,67.0
1001,75571,312.0
1002,75636,65.0
1003,75710,74.0
1004,75854,144.0
1005,76058,204.0
1006,76558,500.0
1007,76607,49.0
1008,76662,55.0
1009,76752,90.0
1010,76861,109.0
1011,76921,60.0
1012,77068,147.0
1013,77267,199.0
1014,77333,66.0
1015,77453,120.0
1016,77953,500.0
1017,78127,174.0
1018,78341,214.0
1019,78653,312.0
1020,78874,221.0
1021,79248,374.0
1022,79392,144.0
1023,79551,159.0
1024,79578,27.0
1025,79656,78.0
1026,79706,50.0
1027,79816,110.0
1028,79837,21.0
1029,79867,30.0
1030,80367,500.0
1031,80533,166.0
1032,80772,239.0
1033,81069,297.0
1034,81121,52.0
1035,81237,116.0
1036,81306,69.0
1037,81327,21.0
1038,81405,78.0
1039,81597,192.0
1040,82097,500.0
1041,82342,245.0
1042,82545,203.0
1043,82581,36.0
1044,82622,41.0
1045,82671,49.0
1046,82855,184.0
1047,82891,36.0
1048,82969,78.0
1049,82992,23.0
1050,83154,162.0
1051,83289,135.0
1052,83395,106.0
1053,83446,51.0
1054,83515,69.0
1055,83877,362.0
1056,83967,90.0
1057,84240,273.0
1058,84407,167.0
1059,84589,182.0
1060,84809,220.0
1061,84960,151.0
1062,85182,222.0
1063,85329,147.0
1064,85476,147.0
1065,85806,330.0
1066,85970,164.0
1067,86193,223.0
1068,86283,90.0
1069,86351,68.0
1070,86387,36.0
1071,86464,77.0
1072,86794,330.0
1073,86932,138.0
1074,87174,242.0
1075,87368,194.0
1076,87384,16.0
1077,87563,179.0
1078,87658,95.0
1079,87846,188.0
1080,87918,72.0
1081,88179,261.0
1082,88367,188.0
1083,88382,15.0
1084,88562,180.0
1085,88832,270.0
1086,88948,116.0
1087,89238,290.0
1088,89476,238.0
1089,89563,87.0
1090,89726,163.0
1091,89767,41.0
1092,89802,35.0
1093,89938,136.0
1094,90059,121.0
1095,90409,350.0
1096,90567,158.0
1097,90758,191.0
1098,90934,176.0
1099,90961,27.0
1100,90985,24.0
1101,91166,181.0
1102,91220,54.0
1103,91458,238.0
1104,91628,170.0
1105,91935,307.0
1106,92159,224.0
1107,92219,60.0
1108,92359,140.0
1109,92561,202.0
1110,92789,228.0
1111,92825,36.0
1112,92850,25.0
1113,92887,37.0
1114,93038,151.0
1115,93077,39.0
1116,93131,54.0
1117,93171,40.0
1118,93389,218.0
1119,93592,203.0
1120,93766,174.0
1121,93828,62.0
1122,94160,332.0
1123,94660,500.0
1124,94885,225.0
1125,95142,257.0
1126,95428,286.0
1127,95454,26.0
1128,95694,240.0
1129,95872,178.0
1130,96047,175.0
1131,96205,158.0
1132,96234,29.0
1133,96304,70.0
1134,96698,394.0
1135,96734,36.0
1136,97045,311.0
1137,97229,184.0
1138,97481,252.0
1139,97618,137.0
1140,97807,189.0
1141,98031,224.0
1142,98127,96.0
1143,98212,85.0
1144,98394,182.0
1145,98509,115.0
1146,98673,164.0
1147,98729,56.0
1148,98992,263.0
1149,99179,187.0
1150,99385,206.0
1151,99621,236.0
1152,99885,264.0
1153,99994,109.0
1154,100045,51.0
1155,100282,237.0
1156,100657,375.0
1157,100881,224.0
1158,101183,302.0
1159,101205,22.0
1160,101584,379.0
1161,101639,55.0
1162,101666,27.0
1163,101702,36.0
1164,101902,200.0
1165,102026,124.0
1166,102060,34.0
1167,102131,71.0
1168,102391,260.0
1169,102649,258.0
1170,102738,89.0
1171,102863,125.0
1172,103086,223.0
1173,103494,408.0
1174,103885,391.0
1175,104385,500.0
1176,104885,500.0
1177,105385,500.0
1178,105417,32.0
1179,105482,65.0
1180,105535,53.0
1181,105762,227.0
1182,106127,365.0
1183,106141,14.0
1184,106199,58.0
1185,106581,382.0
1186,106620,39.0
1187,106809,189.0
1188,106830,21.0
1189,106991,161.0
1190,107020,29.0
1191,107520,500.0
1192,107617,97.0
1193,108117,500.0
1194,108447,330.0
1195,108608,161.0
1196,108777,169.0
1197,109277,500.0
1198,109296,19.0
1199,109340,44.0
1200,109390,50.0
1201,109560,170.0
1202,109605,45.0
1203,109632,27.0
1204,110132,500.0
1205,110338,206.0
1206,110643,305.0
1207,110748,105.0
1208,110986,238.0
1209,111384,398.0
1210,111645,261.0
1211,112112,467.0
1212,112612,500.0
1213,112727,115.0
1214,112933,206.0
1215,113004,71.0
1216,113017,13.0
1217,113058,41.0
1218,113110,52.0
1219,113583,473.0
1220,113711,128.0
1221,113789,78.0
1222,114289,500.0
1223,114789,500.0
1224,115289,500.0
1225,115789,500.0
1226,115824,35.0
1227,115948,124.0
1228,116047,99.0
1229,116074,27.0
1230,116146,72.0
1231,116646,500.0
1232,116889,243.0
1233,117342,453.0
1234,117447,105.0
1235,117475,28.0
1236,117559,84.0
1237,118059,500.0
1238,118113,54.0
1239,118165,52.0
1240,118190,25.0
1241,118244,54.0
1242,118272,28.0
1243,118458,186.0
1244,118601,143.0
1245,119101,500.0
1246,119391,290.0
1247,119432,41.0
1248,119539,107.0
1249,119646,107.0
1250,120146,500.0
1251,120631,485.0
1252,120891,260.0
1253,121060,169.0
1254,121304,244.0
1255,121804,500.0
1256,121933,129.0
1257,122096,163.0
1258,122123,27.0
1259,122349,226.0
1260,122672,323.0
1261,123172,500.0
1262,123363,191.0
1263,123572,209.0
1264,123741,169.0
1265,123831,90.0
1266,123877,46.0
1267,123931,54.0
1268,124431,500.0
1269,124811,380.0
1270,124894,83.0
1271,125394,500.0
1272,125586,192.0
1273,125659,73.0
1274,125776,117.0
1275,126091,315.0
1276,126591,500.0
1277,126646,55.0
1278,127055,409.0
1279,127326,271.0
1280,127367,41.0
1281,127867,500.0
1282,128367,500.0
1283,128455,88.0
1284,128955,500.0
1285,129003,48.0
1286,129033,30.0
1287,129183,150.0
1288,129363,180.0
1289,129466,103.0
1290,129966,500.0
1291,130326,360.0
1292,130502,176.0
1293,131002,500.0
1294,131128,126.0
1295,131628,500.0
1296,131991,363.0
1297,132491,500.0
1298,132530,39.0
1299,133030,500.0
1300,133048,18.0
1301,133548,500.0
1302,133715,167.0
1303,134215,500.0
1304,134526,311.0
1305,135026,500.0
1306,135055,29.0
1307,135555,500.0
1308,136055,500.0
1309,136131,76.0
1310,136430,299.0
1311,136930,500.0
1312,137430,500.0
1313,137536,106.0
1314,137632,96.0
1315,137801,169.0
1316,137888,87.0
1317,137917,29.0
1318,137954,37.0
1319,138089,135.0
1320,138123,34.0
1321,138623,500.0
1322,139123,500.0
1323,139340,217.0
1324,139354,14.0
1325,139562,208.0
1326,139581,19.0
1327,139638,57.0
1328,139721,83.0
1329,139733,12.0
1330,139975,242.0
1331,140193,218.0
1332,140305,112.0
1333,140333,28.0
1334,140447,114.0
1335,140743,296.0
1336,140905,162.0
1337,141051,146.0
1338,141254,203.0
1339,141754,500.0
1340,142254,500.0
1341,142754,500.0
1342,142807,53.0
1343,143307,500.0
1344,143525,218.0
1345,143709,184.0
1346,143770,61.0
1347,144270,500.0
1348,144543,273.0
1349,144574,31.0
1350,144853,279.0
1351,145152,299.0
1352,145490,338.0
1353,145557,67.0
1354,146057,500.0
1355,146342,285.0
1356,146842,500.0
1357,147289,447.0
1358,147625,336.0
1359,147905,280.0
1360,148181,276.0
1361,148562,381.0
1362,148758,196.0
1363,148926,168.0
1364,149164,238.0
1365,149664,500.0
1366,150164,500.0
1367,150272,108.0
1368,150664,392.0
1369,150705,41.0
1370,151205,500.0
1371,151255,50.0
1372,151590,335.0
1373,151993,403.0
1374,152057,64.0
1375,152157,100.0
1376,152263,106.0
1377,152459,196.0
1378,152704,245.0
1379,152860,156.0
1380,153059,199.0
1381,153286,227.0
1382,153510,224.0
1383,154010,500.0
1384,154418,408.0
1385,154918,500.0
1386,154946,28.0
1387,155446,500.0
1388,155572,126.0
1389,155719,147.0
1390,155940,221.0
1391,156440,500.0
1392,156655,215.0
1393,157016,361.0
1394,157247,231.0
1395,157493,246.0
1396,157702,209.0
1397,158166,464.0
1398,158496,330.0
1399,158863,367.0
1400,158886,23.0
1401,159062,176.0
1402,159429,367.0
1403,159567,138.0
1404,159894,327.0
1405,159946,52.0
1406,160112,166.0
1407,160612,500.0
1408,161103,491.0
1409,161603,500.0
1410,161964,361.0
1411,162265,301.0
1412,162765,500.0
1413,162981,216.0
1414,163358,377.0
1415,163425,67.0
1416,163626,201.0
1417,163965,339.0
1418,164158,193.0
1419,164446,288.0
1420,164490,44.0
1421,164628,138.0
1422,164660,32.0
1423,164800,140.0
1424,164901,101.0
1425,164922,21.0
1426,164949,27.0
1427,164969,20.0
1428,165136,167.0
1429,165254,118.0
1430,165396,142.0
1431,165583,187.0
1432,165778,195.0
1433,165955,177.0
1434,166152,197.0
1435,166652,500.0
1436,166879,227.0
1437,167140,261.0
1438,167305,165.0
1439,167805,500.0
1440,168056,251.0
1441,168540,484.0
1442,168563,23.0
1443,168920,357.0
1444,168952,32.0
1445,169026,74.0
1446,169526,500.0
1447,169630,104.0
1448,169818,188.0
1449,169853,35.0
1450,170011,158.0
1451,170511,500.0
1452,171011,500.0
1453,171114,103.0
1454,171196,82.0
1455,171400,204.0
1456,171530,130.0
1457,171556,26.0
1458,172056,500.0
1459,172556,500.0
1460,173056,500.0
1461,173556,500.0
1462,173901,345.0
1463,174401,500.0
1464,174506,105.0
1465,174770,264.0
1466,175270,500.0
1467,175756,486.0
1468,175856,100.0
1469,175951,95.0
1470,176112,161.0
1471,176174,62.0
1472,176278,104.0
1473,176676,398.0
1474,177176,500.0
1475,177676,500.0
1476,178176,500.0
1477,178676,500.0
1478,178826,150.0
1479,179211,385.0
1480,179248,37.0
1481,179338,90.0
1482,179538,200.0
1483,179557,19.0
1484,179608,51.0
1485,179633,25.0
1486,179805,172.0
1487,179942,137.0
1488,179955,13.0
1489,180313,358.0
1490,180418,105.0
1491,180532,114.0
1492,180646,114.0
1493,180819,173.0
1494,180978,159.0
1495,181015,37.0
1496,181154,139.0
1497,181654,500.0
1498,182154,500.0
1499,182654,500.0
1500,183096,442.0
1501,183451,355.0
1502,183951,500.0
1503,184451,500.0
1504,184594,143.0
1505,184623,29.0
1506,184677,54.0
1507,185177,500.0
1508,185403,226.0
1509,185608,205.0
1510,185915,307.0
1511,186415,500.0
1512,186517,102.0
1513,187017,500.0
1514,187341,324.0
1515,187592,251.0
1516,187775,183.0
1517,187955,180.0
1518,188075,120.0
1519,188215,140.0
1520,188414,199.0
1521,188914,500.0
1522,189406,492.0
1523,189574,168.0
1524,189597,23.0
1525,189690,93.0
1526,189759,69.0
1527,189892,133.0
1528,190392,500.0
1529,190439,47.0
1530,190939,500.0
1531,191439,500.0
1532,191939,500.0
1533,192050,111.0
1534,192458,408.0
1535,192527,69.0
1536,192861,334.0
1537,193361,500.0
1538,193386,25.0
1539,193886,500.0
1540,194386,500.0
1541,194527,141.0
1542,194642,115.0
1543,194808,166.0
1544,195308,500.0
1545,195808,500.0
1546,195854,46.0
1547,196275,421.0
1548,196292,17.0
1549,196395,103.0
1550,196895,500.0
1551,197395,500.0
1552,197560,165.0
1553,197622,62.0
1554,198122,500.0
1555,198622,500.0
1556,199122,500.0
1557,199622,500.0
1558,199708,86.0
1559,200035,327.0
1560,200535,500.0
1561,200638,103.0
1562,200783,145.0
1563,201036,253.0
1564,201254,218.0
1565,201560,306.0
1566,201727,167.0
1567,201957,230.0
1568,202457,500.0
1569,202758,301.0
1570,202904,146.0
1571,203083,179.0
1572,203560,477.0
1573,203605,45.0
1574,204105,500.0
1575,204339,234.0
1576,204585,246.0
1577,204826,241.0
1578,204888,62.0
1579,204910,22.0
1580,205344,434.0
1581,205499,155.0
1582,205999,500.0
1583,206499,500.0
1584,206759,260.0
1585,207259,500.0
1586,207588,329.0
1587,207613,25.0
1588,207635,22.0
1589,207873,238.0
1590,208373,500.0
1591,208873,500.0
1592,209373,500.0
1593,209423,50.0
1594,209923,500.0
1595,210039,116.0
1596,210189,150.0
1597,210330,141.0
1598,210381,51.0
1599,210556,175.0
1600,210695,139.0
1601,211195,500.0
1602,211589,394.0
1603,212089,500.0
1604,212149,60.0
1605,212165,16.0
1606,212638,473.0
1607,213095,457.0
1608,213595,500.0
1609,213612,17.0
1610,213702,90.0
1611,214202,500.0
1612,214368,166.0
1613,214455,87.0
1614,214464,9.0
1615,214567,103.0
1616,215067,500.0
1617,215554,487.0
1618,216023,469.0
1619,216241,218.0
1620,216365,124.0
1621,216392,27.0
1622,216487,95.0
1623,216575,88.0
1624,216854,279.0
1625,217354,500.0
1626,217755,401.0
1627,217923,168.0
1628,217990,67.0
1629,218071,81.0
1630,218571,500.0
1631,219071,500.0
1632,219229,158.0
1633,219248,19.0
1634,219268,20.0
1635,219331,63.0
1636,219444,113.0
1637,219515,71.0
1638,219532,17.0
1639,220032,500.0
1640,220290,258.0
1641,220790,500.0
1642,221057,267.0
1643,221557,500.0
1644,222057,500.0
1645,222177,120.0
1646,222677,500.0
1647,222827,150.0
1648,222958,131.0
1649,223104,146.0
1650,223254,150.0
1651,223754,500.0
1652,224254,500.0
1653,224754,500.0
1654,225024,270.0
1655,225524,500.0
1656,226024,500.0
1657,226222,198.0
1658,226722,500.0
1659,226797,75.0
1660,226998,201.0
1661,227334,336.0
1662,227834,500.0
1663,227879,45.0
1664,228112,233.0
1665,228573,461.0
1666,228887,314.0
1667,228903,16.0
1668,229116,213.0
1669,229616,500.0
1670,229687,71.0
1671,230187,500.0
1672,230605,418.0
1673,230739,134.0
1674,231239,500.0
1675,231395,156.0
1676,231523,128.0
1677,232023,500.0
1678,232523,500.0
1679,232808,285.0
1680,232882,74.0
1681,232917,35.0
1682,233417,500.0
1683,233917,500.0
1684,234007,90.0
1685,234151,144.0
1686,234355,204.0
1687,234449,94.0
1688,234480,31.0
1689,234680,200.0
1690,235180,500.0
1691,235680,500.0
1692,236012,332.0
1693,236214,202.0
1694,236230,16.0
1695,236340,110.0
1696,236476,136.0
1697,236976,500.0
1698,237197,221.0
1699,237423,226.0
1700,237923,500.0
1701,238423,500.0
1702,238640,217.0
1703,238870,230.0
1704,239049,179.0
1705,239549,500.0
1706,239695,146.0
1707,239892,197.0
1708,240061,169.0
1709,240561,500.0
1710,240907,346.0
1711,241357,450.0
1712,241743,386.0
1713,241916,173.0
1714,242067,151.0
1715,242211,144.0
1716,242358,147.0
1717,242519,161.0
1718,242557,38.0
1719,242616,59.0
1720,242811,195.0
1721,243311,500.0
1722,243811,500.0
1723,244311,500.0
1724,244811,500.0
1725,245277,466.0
1726,245314,37.0
1727,245814,500.0
1728,245925,111.0
1729,245941,16.0
1730,245987,46.0
1731,246171,184.0
1732,246437,266.0
1733,246768,331.0
1734,246903,135.0
1735,247403,500.0
1736,247903,500.0
1737,248403,500.0
1738,248903,500.0
1739,249179,276.0
1740,249561,382.0
1741,249880,319.0
1742,249976,96.0
1743,250325,349.0
1744,250825,500.0
1745,251325,500.0
1746,251495,170.0
1747,251621,126.0
1748,251764,143.0
1749,252264,500.0
1750,252621,357.0
1751,253121,500.0
1752,253621,500.0
1753,253994,373.0
1754,254454,460.0
1755,254505,51.0
1756,255005,500.0
1757,255505,500.0
1758,255618,113.0
1759,256118,500.0
1760,256618,500.0
1761,257118,500.0
1762,257431,313.0
1763,257931,500.0
1764,258075,144.0
1765,258575,500.0
1766,259075,500.0
1767,259329,254.0
1768,259829,500.0
1769,260329,500.0
1770,260829,500.0
1771,260874,45.0
1772,261374,500.0
1773,261874,500.0
1774,261976,102.0
1775,262357,381.0
1776,262518,161.0
1777,263018,500.0
1778,263518,500.0
1779,264018,500.0
1780,264222,204.0
1781,264396,174.0
1782,264537,141.0
1783,264854,317.0
1784,264902,48.0
1785,265083,181.0
1786,265481,398.0
1787,265981,500.0
1788,266010,29.0
1789,266053,43.0
1790,266553,500.0
1791,267053,500.0
1792,267480,427.0
1793,267529,49.0
1794,268029,500.0
1795,268529,500.0
1796,268691,162.0
1797,269026,335.0
1798,269168,142.0
1799,269537,369.0
1800,270037,500.0
1801,270325,288.0
1802,270825,500.0
1803,271230,405.0
1804,271417,187.0
1805,271917,500.0
1806,271945,28.0
1807,272322,377.0
1808,272572,250.0
1809,272992,420.0
1810,273299,307.0
1811,273492,193.0
1812,273992,500.0
1813,274492,500.0
1814,274781,289.0
1815,275281,500.0
1816,275631,350.0
1817,275783,152.0
1818,275825,42.0
1819,275856,31.0
1820,275935,79.0
1821,275992,57.0
1822,276191,199.0
1823,276224,33.0
1824,276353,129.0
1825,276453,100.0
1826,276953,500.0
1827,277018,65.0
1828,277181,163.0
1829,277264,83.0
1830,277764,500.0
1831,277788,24.0
1832,278288,500.0
1833,278640,352.0
1834,278733,93.0
1835,279233,500.0
1836,279733,500.0
1837,280233,500.0
1838,280404,171.0
1839,280586,182.0
1840,280781,195.0
1841,280848,67.0
1842,281348,500.0
1843,281848,500.0
1844,282348,500.0
1845,282457,109.0
1846,282883,426.0
1847,282982,99.0
1848,283118,136.0
1849,283272,154.0
1850,283772,500.0
1851,284092,320.0
1852,284135,43.0
1853,284635,500.0
1854,285135,500.0
1855,285301,166.0
1856,285801,500.0
1857,285923,122.0
1858,286145,222.0
1859,286645,500.0
1860,286774,129.0
1861,286929,155.0
1862,287167,238.0
1863,287216,49.0
1864,287716,500.0
1865,288112,396.0
1866,288432,320.0
1867,288932,500.0
1868,289025,93.0
1869,289124,99.0
1870,289624,500.0
1871,289748,124.0
1872,289912,164.0
1873,290412,500.0
1874,290912,500.0
1875,291147,235.0
1876,291647,500.0
1877,292147,500.0
1878,292294,147.0
1879,292794,500.0
1880,292806,12.0
1881,292839,33.0
1882,293339,500.0
1883,293839,500.0
1884,294339,500.0
1885,294363,24.0
1886,294418,55.0
1887,294439,21.0
1888,294554,115.0
1889,294621,67.0
1890,294704,83.0
1891,294749,45.0
1892,294804,55.0
1893,294911,107.0
1894,295411,500.0
1895,295541,130.0
1896,295634,93.0
1897,295716,82.0
1898,295833,117.0
1899,296333,500.0
1900,296741,408.0
1901,297022,281.0
1902,297283,261.0
1903,297393,110.0
1904,297893,500.0
1905,298349,456.0
1906,298849,500.0
1907,299049,200.0
1908,299153,104.0
1909,299229,76.0
1910,299373,144.0
1911,299475,102.0
1912,299787,312.0
1913,300225,438.0
1914,300255,30.0
1915,300323,68.0
1916,300406,83.0
1917,300574,168.0
1918,300601,27.0
1919,301101,500.0
1920,301601,500.0
1921,301730,129.0
1922,301940,210.0
1923,302049,109.0
1924,302357,308.0
1925,302586,229.0
1926,303025,439.0
1927,303220,195.0
1928,303677,457.0
1929,303917,240.0
1930,304417,500.0
1931,304917,500.0
1932,305417,500.0
1933,305772,355.0
1934,305835,63.0
1935,306120,285.0
1936,306211,91.0
1937,306540,329.0
1938,306982,442.0
1939,307482,500.0
1940,307648,166.0
1941,307795,147.0
1942,307810,15.0
1943,308310,500.0
1944,308810,500.0
1945,309090,280.0
1946,309590,500.0
1947,310063,473.0
1948,310520,457.0
1949,310850,330.0
1950,311350,500.0
1951,311850,500.0
1952,311886,36.0
1953,311989,103.0
1954,312197,208.0
1955,312278,81.0
1956,312681,403.0
1957,312875,194.0
1958,312992,117.0
1959,313121,129.0
1960,313621,500.0
1961,313997,376.0
1962,314131,134.0
1963,314631,500.0
1964,315050,419.0
1965,315070,20.0
1966,315088,18.0
1967,315238,150.0
1968,315430,192.0
1969,315549,119.0
1970,316049,500.0
1971,316549,500.0
1972,316986,437.0
1973,317043,57.0
1974,317368,325.0
1975,317387,19.0
1976,317887,500.0
1977,318114,227.0
1978,318287,173.0
1979,318387,100.0
1980,318887,500.0
1981,319055,168.0
1982,319555,500.0
1983,319590,35.0
1984,320090,500.0
1985,320590,500.0
1986,320750,160.0
1987,320842,92.0
1988,321342,500.0
1989,321842,500.0
1990,322225,383.0
1991,322537,312.0
1992,323037,500.0
1993,323537,500.0
1994,323910,373.0
1995,324052,142.0
1996,324129,77.0
1997,324204,75.0
1998,324228,24.0
1999,324271,43.0
2000,324370,99.0
2001,324870,500.0
2002,325370,500.0
2003,325722,352.0
2004,325784,62.0
2005,325953,169.0
2006,326116,163.0
2007,326616,500.0
2008,326892,276.0
2009,326993,101.0
2010,327068,75.0
2011,327266,198.0
2012,327590,324.0
2013,328090,500.0
2014,328538,448.0
2015,328682,144.0
2016,328894,212.0
2017,329072,178.0
2018,329572,500.0
2019,330072,500.0
2020,330093,21.0
2021,330290,197.0
2022,330362,72.0
2023,330862,500.0
2024,331286,424.0
2025,331700,414.0
2026,331732,32.0
2027,331762,30.0
2028,331966,204.0
2029,332466,500.0
2030,332801,335.0
2031,333126,325.0
2032,333468,342.0
2033,333968,500.0
2034,334308,340.0
2035,334693,385.0
2036,335059,366.0
2037,335559,500.0
2038,335585,26.0
2039,335687,102.0
2040,335729,42.0
2041,335838,109.0
2042,336338,500.0
2043,336515,177.0
2044,336554,39.0
2045,336742,188.0
2046,336866,124.0
2047,336908,42.0
2048,337408,500.0
2049,337908,500.0
2050,338037,129.0
2051,338448,411.0
2052,338613,165.0
2053,338658,45.0
2054,338763,105.0
2055,338804,41.0
2056,339304,500.0
2057,339804,500.0
2058,340116,312.0
2059,340247,131.0
2060,340660,413.0
2061,341160,500.0
2062,341529,369.0
2063,342029,500.0
2064,342185,156.0
2065,342270,85.0
2066,342770,500.0
2067,343270,500.0
2068,343536,266.0
2069,344036,500.0
2070,344157,121.0
2071,344443,286.0
2072,344565,122.0
2073,344618,53.0
2074,345056,438.0
2075,345556,500.0
2076,346056,500.0
2077,346556,500.0
2078,346816,260.0
2079,346860,44.0
2080,346883,23.0
2081,346903,20.0
2082,346976,73.0
2083,347015,39.0
2084,347243,228.0
2085,347603,360.0
2086,348103,500.0
2087,348120,17.0
2088,348247,127.0
2089,348747,500.0
2090,348779,32.0
2091,349279,500.0
2092,349779,500.0
2093,350279,500.0
2094,350779,500.0
2095,350924,145.0
2096,350950,26.0
2097,350972,22.0
2098,350995,23.0
2099,351128,133.0
2100,351628,500.0
2101,352128,500.0
2102,352528,400.0
2103,352590,62.0
2104,352719,129.0
2105,352768,49.0
2106,352859,91.0
2107,353069,210.0
2108,353260,191.0
2109,353760,500.0
2110,353878,118.0
2111,353951,73.0
2112,354451,500.0
2113,354610,159.0
2114,355051,441.0
2115,355094,43.0
2116,355594,500.0
2117,355915,321.0
2118,356415,500.0
2119,356833,418.0
2120,356887,54.0
2121,356932,45.0
2122,357140,208.0
2123,357640,500.0
2124,357815,175.0
2125,357953,138.0
2126,358453,500.0
2127,358953,500.0
2128,359453,500.0
2129,359512,59.0
2130,359553,41.0
2131,359811,258.0
2132,360017,206.0
2133,360517,500.0
2134,360641,124.0
2135,361050,409.0
2136,361177,127.0
2137,361248,71.0
2138,361353,105.0
2139,361610,257.0
2140,362110,500.0
2141,362610,500.0
2142,363110,500.0
2143,363610,500.0
2144,363642,32.0
2145,364092,450.0
2146,364453,361.0
2147,364953,500.0
2148,365391,438.0
2149,365891,500.0
2150,366391,500.0
2151,366891,500.0
2152,367016,125.0
2153,367112,96.0
2154,367612,500.0
2155,367915,303.0
2156,367939,24.0
2157,367952,13.0
2158,367973,21.0
2159,368473,500.0
2160,368655,182.0
2161,368751,96.0
2162,369011,260.0
2163,369511,500.0
2164,369646,135.0
2165,370014,368.0
2166,370472,458.0
2167,370972,500.0
2168,371472,500.0
2169,371817,345.0
2170,371890,73.0
2171,372124,234.0
2172,372624,500.0
2173,373124,500.0
2174,373442,318.0
2175,373474,32.0
2176,373761,287.0
2177,373860,99.0
2178,374044,184.0
2179,374544,500.0
2180,374588,44.0
2181,375088,500.0
2182,375588,500.0
2183,375676,88.0
2184,375940,264.0
2185,376100,160.0
2186,376600,500.0
2187,376753,153.0
2188,377253,500.0
2189,377402,149.0
2190,377636,234.0
2191,377665,29.0
2192,377825,160.0
2193,378325,500.0
2194,378789,464.0
2195,378799,10.0
2196,379299,500.0
2197,379799,500.0
2198,379925,126.0
2199,379980,55.0
2200,379998,18.0
2201,380152,154.0
2202,380196,44.0
2203,380211,15.0
2204,380350,139.0
2205,380403,53.0
2206,380833,430.0
2207,380909,76.0
2208,381409,500.0
2209,381477,68.0
2210,381712,235.0
2211,381916,204.0
2212,382416,500.0
2213,382916,500.0
2214,383063,147.0
2215,383563,500.0
2216,383919,356.0
2217,384326,407.0
2218,384646,320.0
2219,384903,257.0
2220,384923,20.0
2221,384947,24.0
2222,385253,306.0
2223,385643,390.0
2224,386143,500.0
2225,386284,141.0
2226,386330,46.0
2227,386502,172.0
2228,387002,500.0
2229,387229,227.0
2230,387368,139.0
2231,387868,500.0
2232,388368,500.0
2233,388868,500.0
2234,388969,101.0
2235,389005,36.0
2236,389020,15.0
2237,389039,19.0
2238,389130,91.0
2239,389630,500.0
2240,389837,207.0
2241,389878,41.0
2242,389891,13.0
2243,389942,51.0
2244,389958,16.0
2245,390009,51.0
2246,390509,500.0
2247,390746,237.0
2248,391246,500.0
2249,391557,311.0
2250,391636,79.0
2251,392136,500.0
2252,392636,500.0
2253,392921,285.0
2254,393140,219.0
2255,393640,500.0
2256,393755,115.0
2257,393786,31.0
2258,393892,106.0
2259,394025,133.0
2260,394123,98.0
2261,394208,85.0
2262,394257,49.0
2263,394311,54.0
2264,394383,72.0
2265,394402,19.0
2266,394502,100.0
2267,394666,164.0
2268,395166,500.0
2269,395666,500.0
2270,396017,351.0
2271,396040,23.0
2272,396087,47.0
2273,396267,180.0
2274,396427,160.0
2275,396927,500.0
2276,396962,35.0
2277,397258,296.0
2278,397489,231.0
2279,397989,500.0
2280,398489,500.0
2281,398989,500.0
2282,399172,183.0
2283,399339,167.0
2284,399355,16.0
2285,399670,315.0
2286,400096,426.0
2287,400220,124.0
2288,400720,500.0
2289,401164,444.0
2290,401664,500.0
2291,401900,236.0
2292,401952,52.0
2293,402262,310.0
2294,402452,190.0
2295,402952,500.0
2296,403252,300.0
2297,403674,422.0
2298,403790,116.0
2299,404236,446.0
2300,404348,112.0
2301,404469,121.0
2302,404599,130.0
2303,404837,238.0
2304,405337,500.0
2305,405837,500.0
2306,405978,141.0
2307,406478,500.0
2308,406587,109.0
2309,406601,14.0
2310,406767,166.0
2311,406784,17.0
2312,407284,500.0
2313,407357,73.0
2314,407655,298.0
2315,408155,500.0
2316,408655,500.0
2317,408746,91.0
2318,408778,32.0
2319,408836,58.0
2320,409336,500.0
2321,409648,312.0
2322,410148,500.0
2323,410223,75.0
2324,410723,500.0
2325,410940,217.0
2326,411002,62.0
2327,411502,500.0
2328,412002,500.0
2329,412296,294.0
2330,412796,500.0
2331,413203,407.0
2332,413449,246.0
2333,413603,154.0
2334,414103,500.0
2335,414143,40.0
2336,414643,500.0
2337,415143,500.0
2338,415643,500.0
2339,415764,121.0
2340,415858,94.0
2341,416011,153.0
2342,416140,129.0
2343,416250,110.0
2344,416750,500.0
2345,416841,91.0
2346,417034,193.0
2347,417511,477.0
2348,417937,426.0
2349,418032,95.0
2350,418140,108.0
2351,418405,265.0
2352,418500,95.0
2353,418609,109.0
2354,419109,500.0
2355,419609,500.0
2356,420109,500.0
2357,420365,256.0
2358,420398,33.0
2359,420741,343.0
2360,420896,155.0
2361,421153,257.0
2362,421195,42.0
2363,421338,143.0
2364,421736,398.0
2365,421923,187.0
2366,422368,445.0
2367,422868,500.0
2368,423368,500.0
2369,423385,17.0
2370,423885,500.0
2371,423945,60.0
2372,424245,300.0
2373,424352,107.0
2374,424510,158.0
2375,424667,157.0
2376,425167,500.0
2377,425228,61.0
2378,425671,443.0
2379,426171,500.0
2380,426307,136.0
2381,426450,143.0
2382,426950,500.0
2383,427130,180.0
2384,427255,125.0
2385,427755,500.0
2386,427898,143.0
2387,428164,266.0
2388,428660,496.0
2389,429034,374.0
2390,429113,79.0
2391,429447,334.0
2392,429947,500.0
2393,430447,500.0
2394,430947,500.0
2395,431136,189.0
2396,431162,26.0
2397,431196,34.0
2398,431271,75.0
2399,431353,82.0
2400,431596,243.0
2401,432096,500.0
2402,432173,77.0
2403,432649,476.0
2404,432722,73.0
2405,432991,269.0
2406,433083,92.0
2407,433101,18.0
2408,433293,192.0
2409,433793,500.0
2410,434293,500.0
2411,434325,32.0
2412,434825,500.0
2413,435325,500.0
2414,435825,500.0
2415,436325,500.0
2416,436399,74.0
2417,436682,283.0
2418,436995,313.0
2419,437316,321.0
2420,437389,73.0
2421,437477,88.0
2422,437590,113.0
2423,437680,90.0
2424,438180,500.0
2425,438680,500.0
2426,438799,119.0
2427,438911,112.0
2428,439407,496.0
2429,439507,100.0
2430,439771,264.0
2431,440271,500.0
2432,440358,87.0
2433,440406,48.0
2434,440541,135.0
2435,440995,454.0
2436,441011,16.0
2437,441275,264.0
2438,441573,298.0
2439,442005,432.0
2440,442154,149.0
2441,442654,500.0
2442,443132,478.0
2443,443202,70.0
2444,443702,500.0
2445,444064,362.0
2446,444520,456.0
2447,444538,18.0
2448,445038,500.0
2449,445538,500.0
2450,445682,144.0
2451,445834,152.0
2452,445848,14.0
2453,445957,109.0
2454,446457,500.0
2455,446571,114.0
2456,446732,161.0
2457,446884,152.0
2458,447384,500.0
2459,447884,500.0
2460,448008,124.0
2461,448082,74.0
2462,448097,15.0
2463,448184,87.0
2464,448210,26.0
2465,448245,35.0
2466,448375,130.0
2467,448498,123.0
2468,448578,80.0
2469,448935,357.0
2470,449019,84.0
2471,449519,500.0
2472,449561,42.0
2473,449581,20.0
2474,449604,23.0
2475,449623,19.0
2476,449638,15.0
2477,449745,107.0
2478,450245,500.0
2479,450745,500.0
2480,451245,500.0
2481,451745,500.0
2482,452134,389.0
2483,452207,73.0
2484,452286,79.0
2485,452376,90.0
2486,452495,119.0
2487,452554,59.0
2488,452609,55.0
2489,452693,84.0
2490,453193,500.0
2491,453245,52.0
2492,453400,155.0
2493,453478,78.0
2494,453494,16.0
2495,453637,143.0
2496,454137,500.0
2497,454637,500.0
2498,454691,54.0
2499,454994,303.0
2500,455494,500.0
2501,455513,19.0
2502,455531,18.0
2503,455888,357.0
2504,456388,500.0
2505,456778,390.0
2506,456974,196.0
2507,457048,74.0
2508,457141,93.0
2509,457265,124.0
2510,457576,311.0
2511,458076,500.0
2512,458458,382.0
2513,458600,142.0
2514,458724,124.0
2515,459224,500.0
2516,459724,500.0
2517,460224,500.0
2518,460724,500.0
2519,460807,83.0
2520,461307,500.0
2521,461807,500.0
2522,461907,100.0
2523,462219,312.0
2524,462695,476.0
2525,462914,219.0
2526,463306,392.0
2527,463401,95.0
2528,463592,191.0
2529,463850,258.0
2530,463862,12.0
2531,463906,44.0
2532,464087,181.0
2533,464587,500.0
2534,465087,500.0
2535,465452,365.0
2536,465855,403.0
2537,465893,38.0
2538,466107,214.0
2539,466338,231.0
2540,466478,140.0
2541,466654,176.0
2542,466922,268.0
2543,467248,326.0
2544,467748,500.0
2545,467882,134.0
2546,468382,500.0
2547,468819,437.0
2548,469124,305.0
2549,469215,91.0
2550,469249,34.0
2551,469340,91.0
2552,469425,85.0
2553,469526,101.0
2554,470026,500.0
2555,470070,44.0
2556,470570,500.0
2557,471070,500.0
2558,471254,184.0
2559,471339,85.0
2560,471428,89.0
2561,471541,113.0
2562,471686,145.0
2563,471849,163.0
2564,471974,125.0
2565,472440,466.0
2566,472455,15.0
2567,472909,454.0
2568,473409,500.0
2569,473661,252.0
2570,473958,297.0
2571,474001,43.0
2572,474068,67.0
2573,474568,500.0
2574,474952,384.0
2575,475452,500.0
2576,475714,262.0
2577,476214,500.0
2578,476404,190.0
2579,476652,248.0
2580,477152,500.0
2581,477416,264.0
2582,477467,51.0
2583,477967,500.0
2584,478467,500.0
2585,478494,27.0
2586,478994,500.0
2587,479097,103.0
2588,479597,500.0
2589,480097,500.0
2590,480542,445.0
2591,480741,199.0
2592,480899,158.0
2593,481027,128.0
2594,481136,109.0
2595,481398,262.0
2596,481898,500.0
2597,482248,350.0
2598,482732,484.0
2599,483159,427.0
2600,483638,479.0
2601,484138,500.0
2602,484514,376.0
2603,484922,408.0
2604,485422,500.0
2605,485922,500.0
2606,486013,91.0
2607,486272,259.0
2608,486620,348.0
2609,487120,500.0
2610,487605,485.0
2611,488030,425.0
2612,488296,266.0
2613,488557,261.0
2614,488854,297.0
2615,489340,486.0
2616,489840,500.0
2617,490041,201.0
2618,490541,500.0
2619,490738,197.0
2620,491238,500.0
2621,491347,109.0
2622,491847,500.0
2623,492208,361.0
2624,492499,291.0
2625,492999,500.0
2626,493405,406.0
2627,493563,158.0
2628,493881,318.0
2629,493911,30.0
2630,494268,357.0
2631,494690,422.0
2632,494800,110.0
2633,495300,500.0
2634,495705,405.0
2635,495728,23.0
2636,496117,389.0
2637,496576,459.0
2638,496695,119.0
2639,496812,117.0
2640,496836,24.0
2641,497336,500.0
2642,497686,350.0
2643,497813,127.0
2644,497852,39.0
2645,498011,159.0
2646,498067,56.0
2647,498567,500.0
2648,499067,500.0
2649,499350,283.0
2650,499649,299.0
2651,499797,148.0
2652,500230,433.0
2653,500629,399.0
2654,500945,316.0
2655,501088,143.0
2656,501464,376.0
2657,501784,320.0
2658,501955,171.0
2659,502382,427.0
2660,502882,500.0
2661,503046,164.0
2662,503179,133.0
2663,503549,370.0
2664,503721,172.0
2665,504221,500.0
2666,504721,500.0
2667,505221,500.0
2668,505637,416.0
2669,505775,138.0
2670,505877,102.0
2671,505966,89.0
2672,506466,500.0
2673,506966,500.0
2674,506981,15.0
2675,507335,354.0
2676,507721,386.0
2677,508221,500.0
2678,508236,15.0
2679,508415,179.0
2680,508915,500.0
2681,509233,318.0
2682,509649,416.0
2683,509670,21.0
2684,509788,118.0
2685,509876,88.0
2686,509893,17.0
2687,510393,500.0
2688,510893,500.0
2689,511006,113.0
2690,511097,91.0
2691,511247,150.0
2692,511385,138.0
2693,511445,60.0
2694,511945,500.0
2695,511971,26.0
2696,512327,356.0
2697,512827,500.0
2698,512893,66.0
2699,512971,78.0
2700,513471,500.0
2701,513830,359.0
2702,514330,500.0
2703,514827,497.0
2704,514977,150.0
2705,515087,110.0
2706,515190,103.0
2707,515314,124.0
2708,515814,500.0
2709,516192,378.0
2710,516358,166.0
2711,516770,412.0
2712,516919,149.0
2713,517046,127.0
2714,517546,500.0
2715,517839,293.0
2716,518125,286.0
2717,518625,500.0
2718,518749,124.0
2719,518873,124.0
2720,518969,96.0
2721,519075,106.0
2722,519466,391.0
2723,519486,20.0
2724,519986,500.0
2725,520486,500.0
2726,520559,73.0
2727,520705,146.0
2728,520746,41.0
2729,521246,500.0
2730,521746,500.0
2731,522115,369.0
2732,522199,84.0
2733,522699,500.0
2734,523199,500.0
2735,523699,500.0
2736,524199,500.0
2737,524384,185.0
2738,524447,63.0
2739,524609,162.0
2740,524781,172.0
2741,525281,500.0
2742,525581,300.0
2743,525826,245.0
2744,526326,500.0
2745,526826,500.0
2746,527118,292.0
2747,527287,169.0
2748,527584,297.0
2749,527886,302.0
2750,528258,372.0
2751,528758,500.0
2752,529091,333.0
2753,529591,500.0
2754,529896,305.0
2755,530050,154.0
2756,530550,500.0
2757,531050,500.0
2758,531550,500.0
2759,532050,500.0
2760,532427,377.0
2761,532927,500.0
2762,533427,500.0
2763,533927,500.0
2764,534029,102.0
2765,534196,167.0
2766,534214,18.0
2767,534316,102.0
2768,534395,79.0
2769,534748,353.0
2770,534827,79.0
2771,534979,152.0
2772,535293,314.0
2773,535793,500.0
2774,536293,500.0
2775,536599,306.0
2776,536934,335.0
2777,536966,32.0
2778,537015,49.0
2779,537221,206.0
2780,537346,125.0
2781,537846,500.0
2782,538346,500.0
2783,538647,301.0
2784,538926,279.0
2785,539426,500.0
2786,539689,263.0
2787,539715,26.0
2788,539911,196.0
2789,539961,50.0
2790,540461,500.0
2791,540949,488.0
2792,541449,500.0
2793,541558,109.0
2794,542058,500.0
2795,542558,500.0
2796,543058,500.0
2797,543161,103.0
2798,543476,315.0
2799,543976,500.0
2800,544476,500.0
2801,544507,31.0
2802,545007,500.0
2803,545180,173.0
2804,545516,336.0
2805,546016,500.0
2806,546516,500.0
2807,546734,218.0
2808,547156,422.0
2809,547656,500.0
2810,548156,500.0
2811,548587,431.0
2812,548770,183.0
2813,548799,29.0
2814,549020,221.0
2815,549235,215.0
2816,549418,183.0
2817,549613,195.0
2818,550113,500.0
2819,550613,500.0
2820,551113,500.0
2821,551275,162.0
2822,551775,500.0
2823,552275,500.0
2824,552525,250.0
2825,552542,17.0
2826,553042,500.0
2827,553542,500.0
2828,554042,500.0
2829,554251,209.0
2830,554375,124.0
2831,554624,249.0
2832,554775,151.0
2833,554946,171.0
2834,555446,500.0
2835,555617,171.0
2836,555805,188.0
2837,556305,500.0
2838,556608,303.0
2839,556726,118.0
2840,557017,291.0
2841,557517,500.0
2842,558017,500.0
2843,558505,488.0
2844,559005,500.0
2845,559194,189.0
2846,559484,290.0
2847,559754,270.0
2848,560254,500.0
2849,560754,500.0
2850,561254,500.0
2851,561754,500.0
2852,562030,276.0
2853,562248,218.0
2854,562748,500.0
2855,563248,500.0
2856,563695,447.0
2857,564195,500.0
2858,564239,44.0
2859,564257,18.0
2860,564279,22.0
2861,564462,183.0
2862,564962,500.0
2863,565462,500.0
2864,565962,500.0
2865,566462,500.0
2866,566962,500.0
2867,567462,500.0
2868,567962,500.0
2869,568462,500.0
2870,568655,193.0
2871,568694,39.0
2872,569194,500.0
2873,569461,267.0
2874,569722,261.0
2875,569747,25.0
2876,570247,500.0
2877,570747,500.0
2878,571247,500.0
2879,571415,168.0
2880,571715,300.0
2881,571857,142.0
2882,572083,226.0
2883,572218,135.0
2884,572718,500.0
2885,573218,500.0
2886,573718,500.0
2887,574111,393.0
2888,574384,273.0
2889,574746,362.0
2890,574873,127.0
2891,574917,44.0
2892,575417,500.0
2893,575744,327.0
2894,576244,500.0
2895,576744,500.0
2896,577244,500.0
2897,577705,461.0
2898,577829,124.0
2899,578122,293.0
2900,578379,257.0
2901,578653,274.0
2902,578999,346.0
2903,579499,500.0
2904,579999,500.0
2905,580195,196.0
2906,580695,500.0
2907,581195,500.0
2908,581695,500.0
2909,581791,96.0
2910,582291,500.0
2911,582791,500.0
2912,583291,500.0
2913,583384,93.0
2914,583562,178.0
2915,583900,338.0
2916,584108,208.0
2917,584608,500.0
2918,584799,191.0
2919,585299,500.0
2920,585425,126.0
2921,585510,85.0
2922,586010,500.0
2923,586510,500.0
2924,587010,500.0
2925,587510,500.0
2926,587882,372.0
2927,587955,73.0
2928,588104,149.0
2929,588131,27.0
2930,588631,500.0
2931,588750,119.0
2932,589250,500.0
2933,589750,500.0
2934,590250,500.0
2935,590750,500.0
2936,591250,500.0
2937,591526,276.0
2938,591797,271.0
2939,592297,500.0
2940,592797,500.0
2941,593297,500.0
2942,593797,500.0
2943,594176,379.0
2944,594614,438.0
2945,594846,232.0
2946,595000,154.0
2947,595232,232.0
2948,595732,500.0
2949,595800,68.0
2950,596300,500.0
2951,596800,500.0
2952,596899,99.0
2953,597399,500.0
2954,597656,257.0
2955,597760,104.0
2956,598260,500.0
2957,598760,500.0
2958,599196,436.0
2959,599267,71.0
2960,599464,197.0
2961,599964,500.0
2962,600232,268.0
2963,600557,325.0
2964,601057,500.0
2965,601557,500.0
2966,601752,195.0
2967,601941,189.0
2968,602140,199.0
2969,602640,500.0
2970,603140,500.0
2971,603640,500.0
2972,604074,434.0
2973,604447,373.0
2974,604947,500.0
2975,605447,500.0
2976,605569,122.0
2977,606069,500.0
2978,606569,500.0
2979,607069,500.0
2980,607569,500.0
2981,608069,500.0
2982,608569,500.0
2983,608858,289.0
2984,609116,258.0
2985,609146,30.0
2986,609169,23.0
2987,609669,500.0
2988,609894,225.0
2989,610332,438.0
2990,610832,500.0
2991,611332,500.0
2992,611383,51.0
2993,611689,306.0
2994,612076,387.0
2995,612576,500.0
2996,613076,500.0
2997,613576,500.0
2998,613853,277.0
2999,614353,500.0
3000,614853,500.0
3001,614945,92.0
3002,615027,82.0
3003,615527,500.0
3004,616027,500.0
3005,616232,205.0
3006,616732,500.0
3007,616857,125.0
3008,617357,500.0
3009,617613,256.0
3010,618113,500.0
3011,618374,261.0
3012,618874,500.0
3013,619374,500.0
3014,619874,500.0
3015,620374,500.0
3016,620808,434.0
3017,621308,500.0
3018,621808,500.0
3019,621915,107.0
3020,622415,500.0
3021,622915,500.0
3022,623415,500.0
3023,623799,384.0
3024,624180,381.0
3025,624253,73.0
3026,624753,500.0
3027,625123,370.0
3028,625623,500.0
3029,626123,500.0
3030,626487,364.0
3031,626830,343.0
3032,626909,79.0
3033,626992,83.0
3034,627492,500.0
3035,627992,500.0
3036,628270,278.0
3037,628596,326.0
3038,628891,295.0
3039,628990,99.0
3040,629490,500.0
3041,629990,500.0
3042,630490,500.0
3043,630831,341.0
3044,631331,500.0
3045,631831,500.0
3046,632331,500.0
3047,632831,500.0
3048,632926,95.0
3049,633426,500.0
3050,633926,500.0
3051,634426,500.0
3052,634926,500.0
3053,635094,168.0
3054,635195,101.0
3055,635695,500.0
3056,636195,500.0
3057,636504,309.0
3058,636651,147.0
3059,637151,500.0
3060,637651,500.0
3061,638151,500.0
3062,638651,500.0
3063,639151,500.0
3064,639651,500.0
3065,639789,138.0
3066,639940,151.0
3067,640364,424.0
3068,640674,310.0
3069,641174,500.0
3070,641674,500.0
3071,642094,420.0
3072,642427,333.0
3073,642927,500.0
3074,643427,500.0
3075,643518,91.0
3076,643881,363.0
3077,643984,103.0
3078,644484,500.0
3079,644984,500.0
3080,645357,373.0
3081,645857,500.0
3082,646128,271.0
3083,646628,500.0
3084,647079,451.0
3085,647232,153.0
3086,647732,500.0
3087,647838,106.0
3088,648338,500.0
3089,648838,500.0
3090,648930,92.0
3091,649238,308.0
3092,649738,500.0
3093,650238,500.0
3094,650738,500.0
3095,651238,500.0
3096,651623,385.0
3097,652123,500.0
3098,652623,500.0
3099,652707,84.0
3100,653207,500.0
3101,653707,500.0
3102,654207,500.0
3103,654707,500.0
3104,655207,500.0
3105,655589,382.0
3106,655686,97.0
3107,656186,500.0
3108,656548,362.0
3109,657048,500.0
3110,657548,500.0
3111,658048,500.0
3112,658398,350.0
3113,658898,500.0
3114,659398,500.0
3115,659582,184.0
3116,660035,453.0
3117,660535,500.0
3118,661035,500.0
3119,661369,334.0
3120,661869,500.0
3121,662369,500.0
3122,662869,500.0
3123,663182,313.0
3124,663682,500.0
3125,664182,500.0
3126,664682,500.0
3127,665182,500.0
3128,665682,500.0
3129,665765,83.0
3130,665802,37.0
3131,666302,500.0
3132,666385,83.0
3133,666885,500.0
3134,667163,278.0
3135,667468,305.0
3136,667940,472.0
3137,668046,106.0
3138,668146,100.0
3139,668291,145.0
3140,668693,402.0
3141,669193,500.0
3142,669693,500.0
3143,670193,500.0
3144,670693,500.0
3145,671193,500.0
3146,671693,500.0
3147,672160,467.0
3148,672279,119.0
3149,672779,500.0
3150,673229,450.0
3151,673729,500.0
3152,674229,500.0
3153,674490,261.0
3154,674574,84.0
3155,674694,120.0
3156,675194,500.0
3157,675694,500.0
3158,676106,412.0
3159,676356,250.0
3160,676856,500.0
3161,677180,324.0
3162,677680,500.0
3163,678180,500.0
3164,678559,379.0
3165,678900,341.0
3166,679400,500.0
3167,679900,500.0
3168,680400,500.0
3169,680529,129.0
3170,680949,420.0
3171,681449,500.0
3172,681843,394.0
3173,682343,500.0
3174,682843,500.0
3175,682996,153.0
3176,683496,500.0
3177,683996,500.0
3178,684218,222.0
3179,684718,500.0
3180,685042,324.0
3181,685542,500.0
3182,686042,500.0
3183,686542,500.0
3184,687042,500.0
3185,687542,500.0
3186,688042,500.0
3187,688492,450.0
3188,688992,500.0
3189,689492,500.0
3190,689992,500.0
3191,690492,500.0
3192,690992,500.0
3193,691492,500.0
3194,691992,500.0
3195,692492,500.0
3196,692992,500.0
3197,693492,500.0
3198,693992,500.0
3199,694492,500.0
3200,694783,291.0
3201,695003,220.0
3202,695207,204.0
3203,695707,500.0
3204,696207,500.0
3205,696411,204.0
3206,696911,500.0
3207,697411,500.0
3208,697911,500.0
3209,698085,174.0
3210,698585,500.0
3211,699085,500.0
3212,699585,500.0
3213,700085,500.0
3214,700585,500.0
3215,701085,500.0
3216,701361,276.0
3217,701575,214.0
3218,701840,265.0
3219,702340,500.0
3220,702499,159.0
3221,702999,500.0
3222,703499,500.0
3223,703999,500.0
3224,704193,194.0
3225,704468,275.0
3226,704968,500.0
3227,705468,500.0
3228,705968,500.0
3229,706418,450.0
3230,706555,137.0
3231,707055,500.0
3232,707555,500.0
3233,708055,500.0
3234,708182,127.0
3235,708682,500.0
3236,708799,117.0
3237,709299,500.0
3238,709799,500.0
3239,709919,120.0
3240,710091,172.0
3241,710168,77.0
3242,710668,500.0
3243,711168,500.0
3244,711377,209.0
3245,711877,500.0
3246,712377,500.0
3247,712877,500.0
3248,713377,500.0
3249,713877,500.0
3250,714284,407.0
3251,714352,68.0
3252,714852,500.0
3253,715344,492.0
3254,715844,500.0
3255,716344,500.0
3256,716844,500.0
3257,716903,59.0
3258,717276,373.0
3259,717776,500.0
3260,718276,500.0
3261,718366,90.0
3262,718866,500.0
3263,719366,500.0
3264,719502,136.0
3265,720002,500.0
3266,720502,500.0
3267,721002,500.0
3268,721502,500.0
3269,721861,359.0
3270,722361,500.0
3271,722573,212.0
3272,722740,167.0
3273,722818,78.0
3274,723318,500.0
3275,723570,252.0
3276,723748,178.0
3277,724248,500.0
3278,724748,500.0
3279,725248,500.0
3280,725421,173.0
3281,725921,500.0
3282,726421,500.0
3283,726921,500.0
3284,727421,500.0
3285,727632,211.0
3286,728132,500.0
3287,728215,83.0
3288,728715,500.0
3289,729215,500.0
3290,729715,500.0
3291,730215,500.0
3292,730453,238.0
3293,730567,114.0
3294,731067,500.0
3295,731262,195.0
3296,731762,500.0
3297,732262,500.0
3298,732411,149.0
3299,732602,191.0
3300,732645,43.0
3301,733145,500.0
3302,733645,500.0
3303,734145,500.0
3304,734645,500.0
3305,735145,500.0
3306,735254,109.0
3307,735754,500.0
3308,736254,500.0
3309,736384,130.0
3310,736884,500.0
3311,737384,500.0
3312,737884,500.0
3313,738379,495.0
3314,738477,98.0
3315,738966,489.0
3316,739466,500.0
3317,739585,119.0
3318,740085,500.0
3319,740585,500.0
3320,741085,500.0
3321,741200,115.0
3322,741700,500.0
3323,741818,118.0
3324,742318,500.0
3325,742818,500.0
3326,742923,105.0
3327,743423,500.0
3328,743923,500.0
3329,744423,500.0
3330,744923,500.0
3331,745423,500.0
3332,745510,87.0
3333,746010,500.0
3334,746196,186.0
3335,746696,500.0
3336,747196,500.0
3337,747696,500.0
3338,747793,97.0
3339,747918,125.0
3340,748234,316.0
3341,748734,500.0
3342,749234,500.0
3343,749650,416.0
3344,749911,261.0
3345,750411,500.0
3346,750503,92.0
3347,750602,99.0
3348,751102,500.0
3349,751197,95.0
3350,751697,500.0
3351,751877,180.0
3352,752377,500.0
3353,752477,100.0
3354,752807,330.0
3355,753307,500.0
3356,753807,500.0
3357,754037,230.0
3358,754537,500.0
3359,754950,413.0
3360,755450,500.0
3361,755950,500.0
3362,756278,328.0
3363,756368,90.0
3364,756659,291.0
3365,757159,500.0
3366,757261,102.0
3367,757564,303.0
3368,757722,158.0
3369,757894,172.0
3370,758009,115.0
3371,758123,114.0
3372,758623,500.0
3373,759123,500.0
3374,759623,500.0
3375,760123,500.0
3376,760227,104.0
3377,760329,102.0
3378,760426,97.0
3379,760926,500.0
3380,761426,500.0
3381,761926,500.0
3382,762426,500.0
3383,762528,102.0
3384,762632,104.0
3385,762733,101.0
3386,762745,12.0
3387,762838,93.0
3388,763338,500.0
3389,763448,110.0
3390,763905,457.0
3391,764273,368.0
3392,764420,147.0
3393,764920,500.0
3394,764936,16.0
3395,764950,14.0
3396,765450,500.0
3397,765571,121.0
3398,766071,500.0
3399,766571,500.0
3400,767071,500.0
3401,767179,108.0
3402,767679,500.0
3403,768179,500.0
3404,768679,500.0
3405,768790,111.0
3406,768896,106.0
3407,769000,104.0
3408,769500,500.0
3409,769624,124.0
3410,770124,500.0
3411,770624,500.0
3412,771124,500.0
3413,771272,148.0
3414,771362,90.0
3415,771456,94.0
3416,771558,102.0
3417,771847,289.0
3418,771954,107.0
3419,772046,92.0
3420,772546,500.0
3421,772934,388.0
3422,773434,500.0
3423,773934,500.0
3424,774045,111.0
3425,774545,500.0
3426,774664,119.0
3427,774758,94.0
3428,775258,500.0
3429,775758,500.0
3430,776258,500.0
3431,776559,301.0
3432,776573,14.0
3433,776686,113.0
3434,776775,89.0
3435,777032,257.0
3436,777345,313.0
3437,777845,500.0
3438,778345,500.0
3439,778491,146.0
3440,778784,293.0
3441,778901,117.0
3442,779034,133.0
3443,779236,202.0
3444,779387,151.0
3445,779469,82.0
3446,779969,500.0
3447,780336,367.0
3448,780530,194.0
3449,781030,500.0
3450,781434,404.0
3451,781610,176.0
3452,782110,500.0
3453,782397,287.0
3454,782897,500.0
3455,783090,193.0
3456,783117,27.0
3457,783308,191.0
3458,783808,500.0
3459,783906,98.0
3460,784406,500.0
3461,784492,86.0
3462,784992,500.0
3463,785481,489.0
3464,785596,115.0
3465,785909,313.0
3466,786409,500.0
3467,786909,500.0
3468,787198,289.0
3469,787544,346.0
3470,787645,101.0
3471,787949,304.0
3472,788449,500.0
3473,788949,500.0
3474,789115,166.0
3475,789174,59.0
3476,789188,14.0
3477,789352,164.0
3478,789852,500.0
3479,790352,500.0
3480,790852,500.0
3481,790866,14.0
3482,790934,68.0
3483,791398,464.0
3484,791786,388.0
3485,792286,500.0
3486,792506,220.0
3487,793006,500.0
3488,793506,500.0
3489,794006,500.0
3490,794506,500.0
3491,795006,500.0
3492,795469,463.0
3493,795969,500.0
3494,796469,500.0
3495,796969,500.0
3496,797469,500.0
3497,797586,117.0
3498,797740,154.0
3499,798240,500.0
3500,798503,263.0
3501,798637,134.0
3502,798978,341.0
3503,799478,500.0
3504,799978,500.0
3505,800064,86.0
3506,800564,500.0
3507,801064,500.0
3508,801228,164.0
3509,801728,500.0
3510,802228,500.0
3511,802728,500.0
3512,803228,500.0
3513,803380,152.0
3514,803880,500.0
3515,804380,500.0
3516,804880,500.0
3517,805380,500.0
3518,805778,398.0
3519,806278,500.0
3520,806778,500.0
3521,806893,115.0
3522,807348,455.0
3523,807848,500.0
3524,808348,500.0
3525,808848,500.0
3526,809212,364.0
3527,809712,500.0
3528,809899,187.0
3529,809960,61.0
3530,810460,500.0
3531,810960,500.0
3532,811460,500.0
3533,811960,500.0
3534,812319,359.0
3535,812819,500.0
3536,813211,392.0
3537,813711,500.0
3538,814211,500.0
3539,814355,144.0
3540,814489,134.0
3541,814938,449.0
3542,815438,500.0
3543,815938,500.0
3544,816352,414.0
3545,816475,123.0
3546,816602,127.0
3547,817102,500.0
3548,817602,500.0
3549,818012,410.0
3550,818512,500.0
3551,818892,380.0
3552,819034,142.0
3553,819534,500.0
3554,819679,145.0
3555,819807,128.0
3556,820307,500.0
3557,820807,500.0
3558,821307,500.0
3559,821446,139.0
3560,821583,137.0
3561,821702,119.0
3562,821828,126.0
3563,821973,145.0
3564,822130,157.0
3565,822256,126.0
3566,822653,397.0
3567,823153,500.0
3568,823653,500.0
3569,823776,123.0
3570,824276,500.0
3571,824776,500.0
3572,824929,153.0
3573,825314,385.0
3574,825814,500.0
3575,825975,161.0
3576,826420,445.0
3577,826920,500.0
3578,827420,500.0
3579,827556,136.0
3580,827687,131.0
3581,827828,141.0
3582,827972,144.0
3583,828093,121.0
3584,828219,126.0
3585,828719,500.0
3586,829090,371.0
3587,829201,111.0
3588,829701,500.0
3589,830201,500.0
3590,830645,444.0
3591,830853,208.0
3592,831353,500.0
3593,831533,180.0
3594,831658,125.0
3595,831785,127.0
3596,832285,500.0
3597,832785,500.0
3598,833198,413.0
3599,833304,106.0
3600,833427,123.0
3601,833567,140.0
3602,834067,500.0
3603,834567,500.0
3604,834715,148.0
3605,834846,131.0
3606,835346,500.0
3607,835846,500.0
3608,835980,134.0
3609,836103,123.0
3610,836603,500.0
3611,837103,500.0
3612,837233,130.0
3613,837371,138.0
3614,837536,165.0
3615,837949,413.0
3616,838449,500.0
3617,838599,150.0
3618,838720,121.0
3619,838733,13.0
3620,838851,118.0
3621,838978,127.0
3622,839100,122.0
3623,839221,121.0
3624,839345,124.0
3625,839506,161.0
3626,839665,159.0
3627,840165,500.0
3628,840665,500.0
3629,840786,121.0
3630,840927,141.0
3631,841064,137.0
3632,841196,132.0
3633,841696,500.0
3634,841827,131.0
3635,841959,132.0
3636,842459,500.0
3637,842907,448.0
3638,843407,500.0
3639,843907,500.0
3640,844407,500.0
3641,844798,391.0
3642,844932,134.0
3643,845335,403.0
3644,845736,401.0
3645,846236,500.0
3646,846471,235.0
3647,846908,437.0
3648,847041,133.0
3649,847168,127.0
3650,847668,500.0
3651,848168,500.0
3652,848595,427.0
3653,848610,15.0
3654,848744,134.0
3655,848893,149.0
3656,849037,144.0
3657,849183,146.0
3658,849384,201.0
3659,849884,500.0
3660,850382,498.0
3661,850699,317.0
3662,850726,27.0
3663,851226,500.0
3664,851726,500.0
3665,852172,446.0
3666,852672,500.0
3667,853172,500.0
3668,853342,170.0
3669,853842,500.0
3670,854342,500.0
3671,854842,500.0
3672,855342,500.0
3673,855842,500.0
3674,855858,16.0
3675,856358,500.0
3676,856858,500.0
3677,857358,500.0
3678,857858,500.0
3679,858358,500.0
3680,858858,500.0
3681,858910,52.0
3682,859410,500.0
3683,859910,500.0
3684,860410,500.0
3685,860447,37.0
3686,860947,500.0
3687,861447,500.0
3688,861947,500.0
3689,862447,500.0
3690,862947,500.0
3691,863447,500.0
3692,863947,500.0
3693,863987,40.0
3694,864487,500.0
3695,864987,500.0
3696,865002,15.0
3697,865239,237.0
3698,865739,500.0
3699,866239,500.0
3700,866506,267.0
3701,866772,266.0
3702,867272,500.0
3703,867446,174.0
3704,867627,181.0
3705,867817,190.0
3706,868011,194.0
3707,868256,245.0
3708,868483,227.0
3709,868703,220.0
3710,869149,446.0
3711,869404,255.0
3712,869904,500.0
3713,870404,500.0
3714,870419,15.0
3715,870442,23.0
3716,870942,500.0
3717,871194,252.0
3718,871389,195.0
3719,871613,224.0
3720,872113,500.0
3721,872613,500.0
3722,872795,182.0
3723,873018,223.0
3724,873518,500.0
3725,874018,500.0
3726,874209,191.0
3727,874709,500.0
3728,875209,500.0
3729,875709,500.0
3730,875939,230.0
3731,876364,425.0
3732,876493,129.0
3733,876993,500.0
3734,877218,225.0
3735,877583,365.0
3736,877761,178.0
3737,877942,181.0
3738,878130,188.0
3739,878302,172.0
3740,878476,174.0
3741,878976,500.0
3742,879187,211.0
3743,879687,500.0
3744,879937,250.0
3745,879954,17.0
3746,879967,13.0
3747,879982,15.0
3748,880185,203.0
3749,880354,169.0
3750,880854,500.0
3751,881354,500.0
3752,881525,171.0
3753,881774,249.0
3754,881957,183.0
3755,882457,500.0
3756,882957,500.0
3757,882973,16.0
3758,883473,500.0
3759,883662,189.0
3760,884069,407.0
3761,884569,500.0
3762,885069,500.0
3763,885569,500.0
3764,886069,500.0
3765,886569,500.0
3766,887069,500.0
3767,887219,150.0
3768,887719,500.0
3769,888219,500.0
3770,888370,151.0
3771,888423,53.0
3772,888572,149.0
3773,888732,160.0
3774,888882,150.0
3775,889021,139.0
3776,889181,160.0
3777,889323,142.0
3778,889823,500.0
3779,890277,454.0
3780,890465,188.0
3781,890750,285.0
3782,891250,500.0
3783,891441,191.0
3784,891609,168.0
3785,892109,500.0
3786,892609,500.0
3787,892888,279.0
3788,893044,156.0
3789,893486,442.0
3790,893986,500.0
3791,894486,500.0
3792,894647,161.0
3793,894896,249.0
3794,895066,170.0
3795,895233,167.0
3796,895733,500.0
3797,896233,500.0
3798,896733,500.0
3799,897233,500.0
3800,897384,151.0
3801,897538,154.0
3802,898038,500.0
3803,898508,470.0
3804,899008,500.0
3805,899163,155.0
3806,899370,207.0
3807,899544,174.0
3808,899557,13.0
3809,900057,500.0
3810,900557,500.0
3811,900597,40.0
3812,901087,490.0
3813,901297,210.0
3814,901797,500.0
3815,901945,148.0
3816,902142,197.0
3817,902642,500.0
3818,903142,500.0
3819,903642,500.0
3820,903860,218.0
3821,903903,43.0
3822,904403,500.0
3823,904903,500.0
3824,905072,169.0
3825,905254,182.0
3826,905434,180.0
3827,905934,500.0
3828,906434,500.0
3829,906934,500.0
3830,907173,239.0
3831,907673,500.0
3832,907909,236.0
3833,908409,500.0
3834,908909,500.0
3835,909137,228.0
3836,909377,240.0
3837,909549,172.0
3838,910049,500.0
3839,910549,500.0
3840,910574,25.0
3841,911074,500.0
3842,911262,188.0
3843,911762,500.0
3844,911913,151.0
3845,912397,484.0
3846,912897,500.0
3847,913110,213.0
3848,913324,214.0
3849,913521,197.0
3850,913758,237.0
3851,913951,193.0
3852,914239,288.0
3853,914739,500.0
3854,915154,415.0
3855,915413,259.0
3856,915913,500.0
3857,916413,500.0
3858,916913,500.0
3859,917361,448.0
3860,917745,384.0
3861,918245,500.0
3862,918627,382.0
3863,919009,382.0
3864,919470,461.0
3865,919769,299.0
3866,920193,424.0
3867,920528,335.0
3868,920566,38.0
3869,921066,500.0
3870,921497,431.0
3871,921997,500.0
3872,922348,351.0
3873,922629,281.0
3874,922799,170.0
3875,923299,500.0
3876,923629,330.0
3877,924059,430.0
3878,924559,500.0
3879,925059,500.0
3880,925412,353.0
3881,925912,500.0
3882,926412,500.0
3883,926912,500.0
3884,927121,209.0
3885,927621,500.0
3886,928121,500.0
3887,928621,500.0
3888,929121,500.0
3889,929621,500.0
3890,930121,500.0
3891,930621,500.0
3892,930776,155.0
3893,931276,500.0
3894,931776,500.0
3895,932276,500.0
3896,932681,405.0
3897,933181,500.0
3898,933592,411.0
3899,934092,500.0
3900,934512,420.0
3901,935012,500.0
3902,935512,500.0
3903,936012,500.0
3904,936512,500.0
3905,937012,500.0
3906,937512,500.0
3907,938012,500.0
3908,938512,500.0
3909,939012,500.0
3910,939512,500.0
3911,939737,225.0
3912,940237,500.0
3913,940737,500.0
3914,941237,500.0
3915,941737,500.0
3916,942237,500.0
3917,942403,166.0
3918,942903,500.0
3919,943403,500.0
3920,943641,238.0
3921,944141,500.0
3922,944641,500.0
3923,945141,500.0
3924,945372,231.0
3925,945872,500.0
3926,946372,500.0
3927,946872,500.0
3928,947372,500.0
3929,947872,500.0
3930,948372,500.0
3931,948820,448.0
3932,949102,282.0
3933,949465,363.0
3934,949965,500.0
3935,950465,500.0
3936,950965,500.0
3937,951465,500.0
3938,951932,467.0
3939,952432,500.0
3940,952932,500.0
3941,953432,500.0
3942,953932,500.0
3943,954432,500.0
3944,954932,500.0
3945,955432,500.0
3946,955932,500.0
3947,956432,500.0
3948,956932,500.0
3949,957432,500.0
3950,957932,500.0
3951,958432,500.0
3952,958932,500.0
3953,959432,500.0
3954,959932,500.0
3955,960432,500.0
3956,960932,500.0
3957,961432,500.0
3958,961932,500.0
3959,962432,500.0
3960,962932,500.0
3961,963432,500.0
3962,963622,190.0
3963,963805,183.0
3964,964305,500.0
3965,964326,21.0
3966,964826,500.0
3967,965326,500.0
3968,965826,500.0
3969,966326,500.0
3970,966826,500.0
3971,967326,500.0
3972,967826,500.0
3973,968164,338.0
3974,968664,500.0
3975,969088,424.0
3976,969588,500.0
3977,970064,476.0
3978,970564,500.0
3979,971064,500.0
3980,971380,316.0
3981,971596,216.0
3982,972096,500.0
3983,972596,500.0
3984,973096,500.0
3985,973596,500.0
3986,974096,500.0
3987,974596,500.0
3988,975096,500.0
3989,975596,500.0
3990,975694,98.0
3991,975796,102.0
3992,976296,500.0
3993,976796,500.0
3994,977222,426.0
3995,977616,394.0
3996,978116,500.0
3997,978616,500.0
3998,978988,372.0
3999,979088,100.0
4000,979191,103.0
4001,979691,500.0
4002,980178,487.0
4003,980526,348.0
4004,981026,500.0
4005,981520,494.0
4006,981986,466.0
4007,982001,15.0
4008,982501,500.0
4009,982585,84.0
4010,983085,500.0
4011,983448,363.0
4012,983948,500.0
4013,984448,500.0
4014,984948,500.0
4015,985124,176.0
4016,985216,92.0
4017,985307,91.0
4018,985402,95.0
4019,985513,111.0
4020,985600,87.0
4021,986100,500.0
4022,986182,82.0
4023,986605,423.0
4024,986723,118.0
4025,986821,98.0
4026,987321,500.0
4027,987821,500.0
4028,988321,500.0
4029,988718,397.0
4030,988999,281.0
4031,989499,500.0
4032,989902,403.0
4033,990402,500.0
4034,990570,168.0
4035,990698,128.0
4036,991197,499.0
4037,991697,500.0
4038,991837,140.0
4039,992337,500.0
4040,992837,500.0
4041,993337,500.0
4042,993828,491.0
4043,994328,500.0
4044,994340,12.0
4045,994840,500.0
4046,995340,500.0
4047,995840,500.0
4048,996340,500.0
4049,996840,500.0
4050,997340,500.0
4051,997488,148.0
4052,997988,500.0
4053,998488,500.0
4054,998591,103.0
4055,999091,500.0
4056,999591,500.0
